Model,Validation_MAPE
ARIMA + Fourier,10.945961136171427
Ensemble,11.494438781382291
ETS,11.762300670564862
ARIMA,13.530401679959839
Seasonal Naive,19.359129187539892
